First Name,Gender,Salary,Team
Douglas,Male,97308.0,Marketing
Douglas,Male,97310.0,Marketing
Maria,Female,130590.0,Financeance
Jerry,Male,138705.0,Finance
Dennis,Male,115163.0,Legal
Ruby,Female,65476.0,Product
Angela,Female,95570.0,Engineering
Frances,Female,139852.0,Business Development
Julie,Female,102508.0,Legal
Brandon,Male,112807.0,Human Resources
Gary,Male,109831.0,Sales
Lillian,Female,59414.0,Product
Jeremy,Male,90370.0,Human Resources
Shawn,Male,111737.0,Product
Diana,Female,132940.0,Client Services
Donna,Female,81014.0,Product
Matthew,Male,100612.0,Marketing
John,Male,97950.0,Client Services
Craig,Male,37598.0,Marketing
Terry,Male,124008.0,Client Services
Benjamin,Male,79529.0,Legal
Christina,Female,118780.0,Engineering
Jean,Female,119082.0,Business Development
Jerry,Male,95734.0,Client Services
Theresa,Female,85182.0,Sales
Rachel,Female,142032.0,Business Development
Linda,Female,57427.0,Client Services
Stephanie,Female,36844.0,Business Development
Michael,Male,99283.0,Distribution
Beverly,Female,121918.0,Legal
Marilyn,Female,73524.0,Marketing
Cynthia,Female,145146.0,Product
Roger,Male,88010.0,Sales
Bruce,Male,114796.0,Financeance
Kathy,Female,66820.0,Client Services
Clarence,Male,93581.0,Business Development
Nancy,Female,94976.0,Engineering
Todd,Male,49339.0,Human Resources
Sara,Female,83677.0,Engineering
Karen,Female,102488.0,Product
Carl,Male,130276.0,Financeance
Henry,Male,64715.0,Human Resources
Theresa,Female,72670.0,Engineering
Irene,Female,66851.0,Engineering
Denise,Female,106862.0,Business Development
Matthew,Male,35203.0,Human Resources
Steve,Male,61310.0,Distribution
Nancy,Female,125250.0,Business Development
Rachel,Female,51178.0,Financeance
Jose,Male,84834.0,Financeance
Johnny,Male,118172.0,Sales
Bobby,Male,54043.0,Product
Frances,Female,90582.0,Sales
Thomas,Male,62096.0,Marketing
Bonnie,Female,104897.0,Human Resources
Margaret,Female,131604.0,Distribution
Charles,Male,107391.0,Marketing
Robin,Female,114797.0,Sales
Bonnie,Female,115814.0,Product
Christopher,Male,47369.0,Legal
Steven,Male,35095.0,Client Services
Shawn,Male,148115.0,Financeance
Doris,Female,83072.0,Financeance
Jeremy,Male,100238.0,Client Services
Annie,Female,144887.0,Sales
Donna,Female,64088.0,Legal
Janice,Female,51082.0,Legal
Linda,Female,119009.0,Business Development
Harry,Male,130620.0,Legal
Heather,Female,43026.0,Client Services
Cynthia,Female,142321.0,Financeance
Tina,Female,100705.0,Marketing
Harold,Male,77544.0,Business Development
Melissa,Female,48109.0,Financeance
Aaron,Male,61602.0,Marketing
Jack,Male,103902.0,Client Services
Phyllis,Female,136984.0,Financeance
John,Male,80740.0,Marketing
Kathy,Female,91712.0,Financeance
Paul,Male,42146.0,Legal
Steven,Male,68680.0,Legal
Shirley,Female,147113.0,Legal
Bonnie,Female,42153.0,Business Development
Willie,Male,64363.0,Marketing
Tina,Female,114767.0,Engineering
Ashley,Female,58698.0,Business Development
Pamela,Female,54585.0,Product
Steven,Male,109095.0,Financeance
Andrea,Female,120204.0,Business Development
Paul,Male,41054.0,Marketing
Peter,Male,84885.0,Business Development
Christina,Female,110169.0,Engineering
Helen,Female,73789.0,Product
Marilyn,Female,76078.0,Product
Patricia,Female,49368.0,Human Resources
Michelle,Female,57325.0,Human Resources
William,Male,66521.0,Human Resources
Kenneth,Male,127654.0,Client Services
Antonio,Male,60866.0,Business Development
Shirley,Female,41334.0,Human Resources
Rebecca,Female,94231.0,Product
Carlos,Male,146670.0,Human Resources
Lois,Female,106317.0,Client Services
Carolyn,Female,109260.0,Business Development
Gloria,Female,134148.0,Legal
Henry,Male,43542.0,Legal
Adam,Male,95327.0,Distribution
Ashley,Female,112238.0,Engineering
Shirley,Female,113850.0,Marketing
Adam,Male,110194.0,Product
Elizabeth,Female,146129.0,Financeance
Jennifer,Female,71715.0,Client Services
Patricia,Female,95322.0,Product
Philip,Male,89227.0,Legal
Sean,Male,135490.0,Marketing
Ruth,Female,129297.0,Client Services
Rebecca,Female,85730.0,Product
Marie,Female,104058.0,Business Development
Howard,Male,105062.0,Human Resources
Norma,Female,114412.0,Marketing
Kathy,Female,149563.0,Financeance
Arthur,Male,89786.0,Legal
Terry,Male,52226.0,Client Services
Mary,Female,134645.0,Business Development
Christopher,Male,142178.0,Sales
Michelle,Female,53754.0,Product
Irene,Female,133772.0,Sales
Patrick,Male,143499.0,Engineering
Sara,Female,97058.0,Financeance
Lillian,Female,85446.0,Engineering
Willie,Male,146651.0,Engineering
Victor,Male,124486.0,Product
Wayne,Male,102652.0,Distribution
Jane,Female,144474.0,Product
Jessica,Female,68759.0,Financeance
Mark,Male,57286.0,Business Development
Randy,Male,58129.0,Distribution
Lillian,Female,123940.0,Business Development
Jerry,Male,140810.0,Client Services
Sandra,Female,42090.0,Legal
Roger,Male,51430.0,Marketing
Charles,Male,71749.0,Legal
Clarence,Male,85700.0,Sales
Carol,Female,57783.0,Financeance
Lois,Female,36946.0,Engineering
Rebecca,Female,109259.0,Legal
Irene,Female,131038.0,Distribution
Ronald,Male,121068.0,Product
Steven,Male,62719.0,Client Services
Carolyn,Female,69268.0,Client Services
Maria,Female,36067.0,Product
Gary,Male,89661.0,Financeance
Kimberly,Female,36643.0,Marketing
Roger,Male,140558.0,Sales
Diana,Female,103521.0,Business Development
Willie,Male,55281.0,Marketing
Brandon,Male,115711.0,Financeance
Patricia,Female,114079.0,Client Services
Katherine,Female,57531.0,Client Services
Jonathan,Male,141069.0,Human Resources
Emily,Female,89434.0,Engineering
Ruth,Female,44639.0,Legal
Linda,Female,110967.0,Human Resources
Lisa,Female,115387.0,Client Services
Evelyn,Female,81673.0,Engineering
Julie,Female,109588.0,Engineering
Mary,Female,92544.0,Client Services
Matthew,Male,142373.0,Marketing
Douglas,Male,83341.0,Client Services
Billy,Male,120444.0,Financeance
Gregory,Male,109564.0,Legal
Jason,Male,78417.0,Financeance
Daniel,Male,106947.0,Legal
Sarah,Female,87298.0,Distribution
Harry,Male,64579.0,Sales
Kathy,Female,50905.0,Financeance
Todd,Male,59728.0,Client Services
Bobby,Male,51685.0,Engineering
Jeremy,Male,49542.0,Distribution
Diane,Female,64084.0,Product
Marilyn,Female,147663.0,Human Resources
Kathryn,Female,73935.0,Sales
Irene,Female,40837.0,Client Services
Norma,Female,94393.0,Engineering
Laura,Female,42087.0,Product
Cheryl,Female,52080.0,Legal
Kevin,Male,35061.0,Legal
Walter,Male,127813.0,Financeance
Robert,Male,38041.0,Engineering
Jimmy,Male,126310.0,Product
Clarence,Male,142561.0,Client Services
Victor,Male,70817.0,Engineering
Justin,Male,82782.0,Distribution
Betty,Female,104896.0,Business Development
Ralph,Male,71896.0,Marketing
Edward,Male,110485.0,Client Services
Denise,Female,115118.0,Human Resources
Debra,Female,48696.0,Legal
Henry,Male,89258.0,Human Resources
Gloria,Female,90730.0,Distribution
Marie,Female,100308.0,Product
Anne,Female,69134.0,Engineering
Stephanie,Female,50141.0,Human Resources
Roy,Male,101941.0,Client Services
Irene,Female,56526.0,Financeance
Thomas,Male,103235.0,Human Resources
Fred,Male,74129.0,Product
Nicholas,Male,74669.0,Product
Howard,Male,97490.0,Marketing
Debra,Female,104250.0,Business Development
Christine,Female,94345.0,Financeance
Betty,Female,51613.0,Distribution
Ruby,Female,105946.0,Business Development
Kevin,Male,46080.0,Business Development
Arthur,Male,134610.0,Human Resources
Todd,Male,107281.0,Engineering
Brenda,Female,141521.0,Client Services
Judy,Female,65931.0,Human Resources
Todd,Male,69989.0,Financeance
Lois,Female,147183.0,Client Services
Jessica,Female,75145.0,Legal
Tammy,Female,132839.0,Client Services
Anne,Female,44537.0,Client Services
Jesse,Male,118733.0,Marketing
Virginia,Female,46905.0,Distribution
Jesse,Male,79582.0,Legal
Daniel,Male,123811.0,Human Resources
Emily,Female,36711.0,Human Resources
Alan,Male,111786.0,Engineering
James,Male,72257.0,Engineering
Adam,Male,71276.0,Human Resources
Jeremy,Male,46930.0,Financeance
Margaret,Female,125220.0,Marketing
Mark,Male,121477.0,Business Development
Marilyn,Female,86386.0,Distribution
Cheryl,Female,81308.0,Legal
Benjamin,Male,84810.0,Marketing
Harold,Male,66775.0,Legal
Gerald,Male,121604.0,Sales
Judy,Female,109510.0,Legal
Marie,Female,123711.0,Product
Kathy,Female,132381.0,Business Development
Roy,Male,148225.0,Financeance
Jacqueline,Female,145988.0,Marketing
Julie,Female,56926.0,Sales
Douglas,Male,41428.0,Product
Linda,Female,115658.0,Sales
Ruby,Female,76707.0,Business Development
Russell,Male,60388.0,Client Services
Jeffrey,Male,45150.0,Product
Aaron,Male,58755.0,Marketing
Samuel,Male,76076.0,Financeance
Randy,Male,135119.0,Client Services
Evelyn,Female,36759.0,Marketing
Fred,Male,121723.0,Product
Shirley,Female,110061.0,Client Services
Todd,Male,85074.0,Client Services
Robert,Male,85799.0,Financeance
Mark,Male,75150.0,Legal
Earl,Male,91344.0,Sales
Richard,Male,86326.0,Product
Michael,Male,98753.0,Human Resources
Steven,Male,113060.0,Sales
Carlos,Male,77327.0,Financeance
Marie,Female,62666.0,Product
Ronald,Male,96633.0,Engineering
Scott,Male,58248.0,Business Development
Steven,Male,83706.0,Human Resources
James,Male,74086.0,Human Resources
Lori,Female,95389.0,Sales
Philip,Male,129968.0,Financeance
Phyllis,Female,140347.0,Sales
Cynthia,Female,74287.0,Sales
Elizabeth,Female,106406.0,Legal
Andrea,Female,115913.0,Legal
Judy,Female,38092.0,Distribution
Russell,Male,121160.0,Engineering
Scott,Male,90429.0,Product
Sarah,Female,64207.0,Client Services
Susan,Female,80688.0,Sales
Margaret,Female,55044.0,Sales
Joshua,Male,72893.0,Distribution
Juan,Male,97364.0,Product
Marilyn,Female,147183.0,Business Development
Mary,Female,87721.0,Product
Linda,Female,144001.0,Business Development
Larry,Male,91133.0,Sales
Albert,Male,67827.0,Engineering
Kenneth,Male,81839.0,Sales
Brandon,Male,112548.0,Engineering
Stephen,Male,111249.0,Human Resources
Russell,Male,114334.0,Product
Scott,Male,64172.0,Engineering
Carlos,Male,50167.0,Product
Jack,Male,106995.0,Product
Debra,Female,70492.0,Client Services
Phyllis,Female,125881.0,Sales
Robert,Male,123294.0,Client Services
Gloria,Female,131045.0,Product
Marilyn,Female,140502.0,Sales
Ralph,Male,106310.0,Client Services
Robin,Female,111163.0,Product
Kathy,Female,93753.0,Sales
Rose,Female,63494.0,Human Resources
Clarence,Male,116693.0,Distribution
Doris,Female,85215.0,Human Resources
Kathryn,Female,86439.0,Financeance
Norma,Female,38872.0,Business Development
Craig,Male,113506.0,Marketing
Sharon,Female,91522.0,Financeance
Mary,Female,42214.0,Business Development
Joe,Male,144082.0,Client Services
Jeremy,Male,47885.0,Human Resources
Ernest,Male,126232.0,Sales
Kevin,Male,134598.0,Business Development
Jacqueline,Female,66604.0,Legal
Johnny,Male,115194.0,Marketing
Gary,Male,49101.0,Business Development
Julia,Female,36403.0,Financeance
Dorothy,Female,140136.0,Business Development
Justin,Male,121508.0,Financeance
Kevin,Male,79906.0,Sales
Victor,Male,123144.0,Product
Deborah,Female,46953.0,Client Services
Alice,Female,51395.0,Financeance
Todd,Male,134408.0,Human Resources
Frank,Male,71853.0,Sales
Christopher,Male,68028.0,Financeance
Rose,Female,149903.0,Human Resources
Andrea,Female,79123.0,Distribution
Charles,Male,104014.0,Legal
Wanda,Female,65362.0,Legal
Billy,Male,144709.0,Distribution
Kathryn,Female,53061.0,Financeance
Denise,Female,36697.0,Sales
Nicholas,Male,101036.0,Human Resources
Aaron,Male,52119.0,Client Services
Louise,Female,46666.0,Business Development
Julie,Female,73437.0,Financeance
Kathy,Female,86318.0,Sales
Cheryl,Female,67150.0,Marketing
Gregory,Male,142208.0,Engineering
Wayne,Male,81183.0,Client Services
Beverly,Female,107163.0,Human Resources
Willie,Male,55038.0,Legal
Scott,Male,146812.0,Marketing
Annie,Female,40119.0,Human Resources
Ruth,Female,69579.0,Human Resources
Patricia,Female,121232.0,Legal
Albert,Male,102626.0,Financeance
Tina,Female,88276.0,Legal
Jeremy,Male,43354.0,Marketing
Craig,Male,125556.0,Engineering
Jose,Male,59862.0,Product
Lawrence,Male,74640.0,Marketing
Helen,Female,52875.0,Legal
Walter,Male,58789.0,Sales
Amy,Female,122897.0,Engineering
Janice,Female,136032.0,Marketing
Stephen,Male,141958.0,Legal
Ryan,Male,139917.0,Distribution
Sharon,Female,147635.0,Human Resources
Joshua,Male,68230.0,Client Services
Clarence,Male,124365.0,Business Development
Jonathan,Male,104749.0,Engineering
Stephanie,Female,122121.0,Engineering
Kathy,Female,143541.0,Human Resources
Albert,Male,137840.0,Business Development
Michael,Male,73354.0,Business Development
Amy,Female,106249.0,Sales
Joe,Male,50645.0,Marketing
Ashley,Female,142415.0,Financeance
Howard,Male,37984.0,Distribution
Cheryl,Female,71751.0,Business Development
Robert,Male,135882.0,Legal
Sharon,Female,46007.0,Client Services
Judith,Female,117055.0,Marketing
Jerry,Male,121357.0,Business Development
Craig,Male,44857.0,Financeance
Barbara,Female,47322.0,Sales
Eugene,Male,81077.0,Sales
Johnny,Male,76394.0,Marketing
Benjamin,Male,114356.0,Client Services
Diana,Female,41831.0,Business Development
Christine,Female,72613.0,Legal
Sean,Male,42748.0,Distribution
Sarah,Female,37259.0,Client Services
Roger,Male,125033.0,Marketing
Donald,Male,106472.0,Client Services
Clarence,Male,103684.0,Engineering
Scott,Male,96111.0,Human Resources
Ann,Female,90719.0,Business Development
Frank,Male,140303.0,Legal
Joe,Male,62161.0,Business Development
Larry,Male,97370.0,Sales
Gloria,Female,66224.0,Legal
Ruth,Female,97915.0,Human Resources
Diana,Female,86883.0,Product
Raymond,Male,37812.0,Human Resources
Catherine,Female,58047.0,Distribution
Diane,Female,124889.0,Sales
Steve,Male,67780.0,Human Resources
Barbara,Female,144677.0,Financeance
Christopher,Male,82401.0,Client Services
Kathleen,Female,35575.0,Distribution
Virginia,Female,123649.0,Marketing
Lisa,Female,38078.0,Product
Earl,Male,52620.0,Product
Louise,Female,91462.0,Marketing
Clarence,Male,146589.0,Business Development
Cynthia,Female,51633.0,Business Development
Adam,Male,45181.0,Human Resources
Justin,Male,62454.0,Sales
Ruby,Female,147362.0,Engineering
Amanda,Female,80803.0,Distribution
Anna,Female,117293.0,Client Services
Roger,Male,105689.0,Marketing
Joseph,Male,102555.0,Product
Evelyn,Female,51525.0,Financeance
Janice,Female,41190.0,Sales
Sara,Female,75484.0,Financeance
Gregory,Male,82726.0,Marketing
Philip,Male,122319.0,Engineering
Barbara,Female,127297.0,Product
Amanda,Female,109290.0,Engineering
Anne,Female,71930.0,Product
Arthur,Male,66819.0,Marketing
Jane,Female,42424.0,Distribution
Linda,Female,51431.0,Engineering
Ashley,Female,120675.0,Human Resources
Shawn,Male,96610.0,Client Services
Kathleen,Female,71430.0,Engineering
Randy,Male,86723.0,Engineering
Andrew,Male,43414.0,Client Services
Marilyn,Female,87145.0,Human Resources
Johnny,Male,91124.0,Distribution
Susan,Female,90829.0,Marketing
Ruby,Female,101262.0,Client Services
Kelly,Female,41427.0,Product
Jonathan,Male,56993.0,Marketing
Raymond,Male,114244.0,Human Resources
John,Male,66077.0,Product
Michael,Male,35013.0,Product
Jerry,Male,98393.0,Client Services
Amanda,Female,107111.0,Product
Harold,Male,65673.0,Legal
Ernest,Male,81919.0,Marketing
Harry,Male,59277.0,Financeance
Diane,Female,49501.0,Business Development
Jack,Male,70367.0,Legal
Shirley,Female,132156.0,Marketing
Rose,Female,56961.0,Marketing
Cheryl,Female,98841.0,Client Services
Cynthia,Female,78226.0,Human Resources
Sandra,Female,116931.0,Human Resources
Andrea,Female,87575.0,Business Development
Rachel,Female,110924.0,Distribution
Justin,Male,78351.0,Sales
Marie,Female,125574.0,Sales
Louis,Male,95198.0,Business Development
Nancy,Female,121006.0,Financeance
Mark,Male,95728.0,Business Development
Teresa,Female,69740.0,Distribution
Frances,Female,91996.0,Product
Bruce,Male,141335.0,Engineering
Rose,Female,97691.0,Client Services
Mildred,Female,47266.0,Client Services
Todd,Male,103405.0,Sales
Alan,Male,41453.0,Product
Eric,Male,65168.0,Distribution
Edward,Male,73105.0,Engineering
Kimberly,Female,37916.0,Distribution
Kathy,Female,45682.0,Marketing
Peter,Male,69297.0,Financeance
Beverly,Female,59070.0,Engineering
Ralph,Male,81215.0,Financeance
Justin,Male,128036.0,Client Services
Irene,Female,89780.0,Sales
Irene,Female,125018.0,Legal
Jeremy,Male,133033.0,Sales
Cynthia,Female,82408.0,Marketing
Anne,Female,128305.0,Marketing
Debra,Female,74911.0,Marketing
Michael,Male,47079.0,Legal
Rebecca,Female,134673.0,Engineering
Andrea,Female,123591.0,Engineering
Marilyn,Female,92430.0,Engineering
Wayne,Male,126956.0,Human Resources
Frances,Female,112467.0,Business Development
Kathleen,Female,42553.0,Distribution
Amanda,Female,102081.0,Sales
Shawn,Male,71975.0,Human Resources
Katherine,Female,149908.0,Financeance
Elizabeth,Female,79145.0,Financeance
Gregory,Male,128031.0,Business Development
Ruth,Female,59969.0,Financeance
Cynthia,Female,35381.0,Financeance
Deborah,Female,113129.0,Client Services
Willie,Male,141932.0,Engineering
Debra,Female,42296.0,Product
Carl,Male,63395.0,Legal
Walter,Male,125382.0,Client Services
Lisa,Female,113592.0,Marketing
Rebecca,Female,46750.0,Sales
Jessica,Female,90285.0,Client Services
Craig,Male,123876.0,Engineering
Katherine,Female,41643.0,Distribution
Andrea,Female,113760.0,Distribution
Timothy,Male,49473.0,Legal
Anthony,Male,146141.0,Distribution
James,Male,67789.0,Legal
Martha,Female,135758.0,Client Services
Laura,Female,84672.0,Distribution
Robert,Male,111580.0,Human Resources
Ralph,Male,50455.0,Business Development
Diane,Female,130577.0,Marketing
Annie,Female,138925.0,Marketing
Jacqueline,Female,62371.0,Client Services
Brenda,Female,87715.0,Product
Lori,Female,66029.0,Client Services
Albert,Male,86818.0,Engineering
Frank,Male,75147.0,Product
Deborah,Female,105573.0,Product
Brian,Male,93901.0,Legal
Bruce,Male,134988.0,Sales
Joan,Female,120941.0,Financeance
Harold,Male,118753.0,Sales
Alice,Female,92799.0,Sales
Barbara,Female,85718.0,Client Services
Sarah,Female,109517.0,Human Resources
Samuel,Male,85550.0,Marketing
Frank,Male,78891.0,Distribution
Debra,Female,84693.0,Financeance
Thomas,Male,65251.0,Distribution
Harry,Male,129148.0,Engineering
Patricia,Female,75825.0,Engineering
Steve,Male,51821.0,Legal
Edward,Male,58327.0,Financeance
Karen,Female,46478.0,Engineering
Ann,Female,79796.0,Distribution
Jonathan,Male,83809.0,Distribution
Peter,Male,77933.0,Engineering
Eric,Male,51070.0,Business Development
Terry,Male,58357.0,Engineering
John,Male,67165.0,Engineering
Marie,Female,145988.0,Human Resources
Harold,Male,147417.0,Business Development
Joshua,Male,95003.0,Marketing
Andrea,Female,37888.0,Engineering
Jeremy,Male,131513.0,Financeance
Roy,Male,46875.0,Sales
Dorothy,Female,82744.0,Client Services
Steven,Male,43252.0,Client Services
Nicole,Female,66047.0,Marketing
Ann,Female,118431.0,Financeance
Henry,Male,59943.0,Financeance
Barbara,Female,82884.0,Business Development
Judy,Female,48668.0,Product
Lawrence,Male,122971.0,Product
Joseph,Male,107050.0,Business Development
Carlos,Male,138598.0,Sales
Jane,Female,128540.0,Legal
Martin,Male,61117.0,Client Services
Steven,Male,100949.0,Human Resources
James,Male,69111.0,Business Development
Gloria,Female,46602.0,Business Development
Ernest,Male,61181.0,Business Development
Martha,Female,94963.0,Business Development
Tina,Female,102841.0,Client Services
Henry,Male,49665.0,Business Development
Lisa,Female,128042.0,Legal
Denise,Female,86150.0,Client Services
Stephen,Male,121816.0,Distribution
Benjamin,Male,123409.0,Product
Ruth,Female,59678.0,Distribution
Shawn,Male,57871.0,Human Resources
Jennifer,Female,132084.0,Engineering
Terry,Male,35633.0,Distribution
Jacqueline,Female,125298.0,Legal
Roger,Male,115582.0,Sales
Justin,Male,112975.0,Human Resources
Janet,Female,36927.0,Client Services
Robin,Female,70248.0,Sales
Katherine,Female,72002.0,Product
Peter,Male,102577.0,Product
Lillian,Female,113554.0,Business Development
Rose,Female,75181.0,Financeance
Bobby,Male,79047.0,Human Resources
Kimberly,Female,52970.0,Sales
Antonio,Male,137979.0,Distribution
Doris,Female,114360.0,Business Development
Steven,Male,110306.0,Human Resources
Stephanie,Female,96649.0,Sales
Sandra,Female,111468.0,Product
Kevin,Male,141498.0,Sales
Lisa,Female,40121.0,Product
Fred,Male,129712.0,Financeance
Joseph,Male,126010.0,Legal
Andrea,Female,149105.0,Distribution
Catherine,Female,59970.0,Client Services
Rose,Female,145001.0,Engineering
Lawrence,Male,102589.0,Marketing
Raymond,Male,47529.0,Product
Clarence,Male,148941.0,Product
Ryan,Male,91109.0,Human Resources
Jane,Female,51923.0,Business Development
Lois,Female,53954.0,Product
Shawn,Male,39335.0,Distribution
Thomas,Male,111371.0,Engineering
Kathryn,Female,86676.0,Sales
Mary,Female,115057.0,Financeance
Julie,Female,145357.0,Engineering
George,Male,36749.0,Financeance
Ralph,Male,89854.0,Business Development
Judith,Female,134048.0,Marketing
Evelyn,Female,123621.0,Marketing
Rachel,Female,54941.0,Distribution
Kelly,Female,39371.0,Engineering
Ruby,Female,83112.0,Marketing
Ann,Female,96941.0,Distribution
Kenneth,Male,47232.0,Legal
William,Male,54058.0,Human Resources
Deborah,Female,118043.0,Business Development
Julia,Female,97566.0,Marketing
Cynthia,Female,149684.0,Product
Johnny,Male,71383.0,Human Resources
Michael,Male,81206.0,Distribution
Kenneth,Male,69112.0,Financeance
Keith,Male,120672.0,Legal
Gerald,Male,96511.0,Human Resources
Douglas,Male,132175.0,Engineering
Carolyn,Female,118037.0,Financeance
Joseph,Male,139570.0,Financeance
Billy,Male,115280.0,Distribution
Joyce,Female,51065.0,Human Resources
Lillian,Female,103854.0,Distribution
Ruby,Female,48354.0,Business Development
Sandra,Female,132327.0,Product
Louise,Female,106362.0,Sales
Brenda,Female,131131.0,Client Services
Stephen,Male,129663.0,Human Resources
Bobby,Male,93368.0,Product
Ernest,Male,53335.0,Product
Diana,Female,105066.0,Business Development
Harry,Male,63046.0,Financeance
Marie,Female,98406.0,Product
Sean,Male,108581.0,Human Resources
Robin,Female,41808.0,Business Development
Phillip,Male,36837.0,Marketing
Jerry,Male,140850.0,Financeance
Ronald,Male,50426.0,Sales
Phillip,Male,134120.0,Human Resources
Karen,Female,80633.0,Legal
Bonnie,Female,131943.0,Client Services
Earl,Male,48046.0,Marketing
Katherine,Female,97443.0,Product
Matthew,Male,135352.0,Business Development
Gerald,Male,96329.0,Engineering
Brenda,Female,73749.0,Business Development
Jason,Male,75607.0,Sales
Melissa,Female,98858.0,Human Resources
Beverly,Female,76485.0,Engineering
Jacqueline,Female,125418.0,Distribution
Amy,Female,75415.0,Client Services
Ruby,Female,142868.0,Marketing
Kathryn,Female,57300.0,Marketing
Lisa,Female,73706.0,Financeance
Juan,Male,85871.0,Product
Anthony,Male,96795.0,Sales
David,Male,92242.0,Legal
Marilyn,Female,115149.0,Legal
Margaret,Female,126924.0,Financeance
Timothy,Male,92587.0,Financeance
Brandon,Male,60263.0,Sales
Frank,Male,91406.0,Business Development
Betty,Female,37005.0,Marketing
Victor,Male,45267.0,Sales
Jane,Female,59680.0,Business Development
Walter,Male,144701.0,Marketing
Christina,Female,35477.0,Human Resources
Patricia,Female,119266.0,Distribution
Heather,Female,47605.0,Human Resources
Stephanie,Female,136604.0,Human Resources
Alice,Female,121250.0,Financeance
Frances,Female,35884.0,Sales
Elizabeth,Female,137144.0,Financeance
Janice,Female,102697.0,Engineering
Donald,Male,61999.0,Product
Melissa,Female,45223.0,Legal
Carl,Male,54033.0,Business Development
Lois,Female,99747.0,Marketing
Ann,Female,71958.0,Distribution
Todd,Male,115566.0,Client Services
Marilyn,Female,118369.0,Business Development
Shawn,Male,51667.0,Product
Ryan,Male,85858.0,Client Services
Sean,Male,131423.0,Distribution
Rose,Female,49538.0,Client Services
George,Male,50369.0,Sales
Arthur,Male,86615.0,Business Development
Deborah,Female,60003.0,Client Services
Judith,Female,109324.0,Distribution
Philip,Male,103557.0,Business Development
Jeffrey,Male,111376.0,Business Development
Theresa,Female,75661.0,Legal
Nancy,Female,85213.0,Marketing
Harold,Male,140444.0,Distribution
Bonnie,Female,90427.0,Client Services
Doris,Female,141439.0,Business Development
Samuel,Male,43694.0,Engineering
Alice,Female,131952.0,Engineering
Maria,Female,96250.0,Business Development
Andrew,Male,137386.0,Distribution
William,Male,104840.0,Engineering
Lori,Female,75498.0,Marketing
Wayne,Male,67471.0,Engineering
Kenneth,Male,101914.0,Distribution
Ashley,Female,142410.0,Engineering
Scott,Male,37385.0,Business Development
Paula,Female,58423.0,Business Development
Teresa,Female,113425.0,Human Resources
Randy,Male,57266.0,Product
Joe,Male,119667.0,Financeance
Sarah,Female,127118.0,Legal
Beverly,Female,80838.0,Engineering
Jeffrey,Male,70990.0,Sales
Gloria,Female,39833.0,Engineering
Albert,Male,45094.0,Business Development
Stephen,Male,93997.0,Business Development
Jonathan,Male,121797.0,Product
Ann,Female,89443.0,Sales
Bruce,Male,35802.0,Sales
Catherine,Female,68164.0,Client Services
Louis,Male,93022.0,Human Resources
Thomas,Male,105681.0,Engineering
Louise,Female,43050.0,Distribution
Linda,Female,44486.0,Engineering
Alice,Female,63571.0,Product
Patrick,Male,75423.0,Business Development
Russell,Male,137359.0,Business Development
Harry,Male,67656.0,Client Services
Susan,Female,92436.0,Sales
Denise,Female,137954.0,Legal
Sarah,Female,124566.0,Product
Sean,Male,66146.0,Human Resources
Ernest,Male,142935.0,Product
Kimberly,Female,46233.0,Engineering
James,Male,148985.0,Legal
Rose,Female,91411.0,Human Resources
John,Male,146907.0,Engineering
Maria,Female,43455.0,Engineering
Donna,Female,82871.0,Marketing
Gloria,Female,136709.0,Financeance
Alice,Female,47638.0,Human Resources
Robin,Female,100765.0,Client Services
Rose,Female,134505.0,Marketing
Anthony,Male,112769.0,Financeance
Tina,Female,56450.0,Engineering
George,Male,98874.0,Marketing
Phillip,Male,42392.0,Financeance
Russell,Male,96914.0,Product
Larry,Male,60500.0,Business Development
Albert,Male,129949.0,Sales
